USE `studentska-sluzba` ;

INSERT INTO `nastavni_plan` (`id`,`naziv`,`smjer_oznaka`) VALUES (1,'v2019','sofi');



INSERT INTO `predmet` (`id`,`naziv`) VALUES (10001,'Математика I');
INSERT INTO `predmet` (`id`,`naziv`) VALUES (10002,'Основи електротехнике I');
INSERT INTO `predmet` (`id`,`naziv`) VALUES (10003,'Програмирање I');
INSERT INTO `predmet` (`id`,`naziv`) VALUES (10004,'Основи рачунарске технике');
INSERT INTO `predmet` (`id`,`naziv`) VALUES (10005,'Социологија');
INSERT INTO `predmet` (`id`,`naziv`) VALUES (10006,'Филозофија');
INSERT INTO `predmet` (`id`,`naziv`) VALUES (10007,'Вјештине комуницирања');
INSERT INTO `predmet` (`id`,`naziv`) VALUES (10008,'Математика II');
INSERT INTO `predmet` (`id`,`naziv`) VALUES (10009,'Основи електротехнике II');
INSERT INTO `predmet` (`id`,`naziv`) VALUES (10010,'Програмирање II');
INSERT INTO `predmet` (`id`,`naziv`) VALUES (10011,'Физика');
INSERT INTO `predmet` (`id`,`naziv`) VALUES (20001,'Програмски језици I');
INSERT INTO `predmet` (`id`,`naziv`) VALUES (20002,'Структуре података и алгоритми');
INSERT INTO `predmet` (`id`,`naziv`) VALUES (20003,'Увод у електронику');
INSERT INTO `predmet` (`id`,`naziv`) VALUES (20004,'Кола и сигнали');
INSERT INTO `predmet` (`id`,`naziv`) VALUES (20005,'Електрична мјерења');
INSERT INTO `predmet` (`id`,`naziv`) VALUES (20006,'Математика IV');
INSERT INTO `predmet` (`id`,`naziv`) VALUES (20007,'Програмски језици II');
INSERT INTO `predmet` (`id`,`naziv`) VALUES (20008,'Основи оперативних система');
INSERT INTO `predmet` (`id`,`naziv`) VALUES (20009,'Основи комуникација и теорија информација');
INSERT INTO `predmet` (`id`,`naziv`) VALUES (20010,'Линеарна електроника');





INSERT INTO `predmet_nastavni_plan` (`id`,`predmet_id`,`nastavni_plan_id`,`godina`) VALUES (1,10001,1,'I');
INSERT INTO `predmet_nastavni_plan` (`id`,`predmet_id`,`nastavni_plan_id`,`godina`) VALUES (2,10002,1,'I');
INSERT INTO `predmet_nastavni_plan` (`id`,`predmet_id`,`nastavni_plan_id`,`godina`) VALUES (3,10003,1,'I');
INSERT INTO `predmet_nastavni_plan` (`id`,`predmet_id`,`nastavni_plan_id`,`godina`) VALUES (4,10004,1,'I');
INSERT INTO `predmet_nastavni_plan` (`id`,`predmet_id`,`nastavni_plan_id`,`godina`) VALUES (5,10005,1,'I');
INSERT INTO `predmet_nastavni_plan` (`id`,`predmet_id`,`nastavni_plan_id`,`godina`) VALUES (6,10006,1,'I');
INSERT INTO `predmet_nastavni_plan` (`id`,`predmet_id`,`nastavni_plan_id`,`godina`) VALUES (7,10007,1,'I');
INSERT INTO `predmet_nastavni_plan` (`id`,`predmet_id`,`nastavni_plan_id`,`godina`) VALUES (8,10008,1,'I');
INSERT INTO `predmet_nastavni_plan` (`id`,`predmet_id`,`nastavni_plan_id`,`godina`) VALUES (9,10009,1,'I');
INSERT INTO `predmet_nastavni_plan` (`id`,`predmet_id`,`nastavni_plan_id`,`godina`) VALUES (10,10010,1,'I');
INSERT INTO `predmet_nastavni_plan` (`id`,`predmet_id`,`nastavni_plan_id`,`godina`) VALUES (11,10011,1,'I');
INSERT INTO `predmet_nastavni_plan` (`id`,`predmet_id`,`nastavni_plan_id`,`godina`) VALUES (12,20001,1,'II');
INSERT INTO `predmet_nastavni_plan` (`id`,`predmet_id`,`nastavni_plan_id`,`godina`) VALUES (13,20002,1,'II');
INSERT INTO `predmet_nastavni_plan` (`id`,`predmet_id`,`nastavni_plan_id`,`godina`) VALUES (14,20003,1,'II');
INSERT INTO `predmet_nastavni_plan` (`id`,`predmet_id`,`nastavni_plan_id`,`godina`) VALUES (15,20004,1,'II');
INSERT INTO `predmet_nastavni_plan` (`id`,`predmet_id`,`nastavni_plan_id`,`godina`) VALUES (16,20005,1,'II');
INSERT INTO `predmet_nastavni_plan` (`id`,`predmet_id`,`nastavni_plan_id`,`godina`) VALUES (17,20006,1,'II');
INSERT INTO `predmet_nastavni_plan` (`id`,`predmet_id`,`nastavni_plan_id`,`godina`) VALUES (18,20007,1,'II');
INSERT INTO `predmet_nastavni_plan` (`id`,`predmet_id`,`nastavni_plan_id`,`godina`) VALUES (19,20008,1,'II');
INSERT INTO `predmet_nastavni_plan` (`id`,`predmet_id`,`nastavni_plan_id`,`godina`) VALUES (20,20009,1,'II');
INSERT INTO `predmet_nastavni_plan` (`id`,`predmet_id`,`nastavni_plan_id`,`godina`) VALUES (21,20010,1,'II');




INSERT INTO `student` (`id`,`ime`,`prezime`,`broj_indeksa`) VALUES (1,'Марко','Марковић','05/20');
INSERT INTO `student` (`id`,`ime`,`prezime`,`broj_indeksa`) VALUES (2,'Марија','Марић','07/20');




INSERT INTO `student_predmet` (`id`,`student_id`,`predmet_id`,`odslusao`,`polozio`,`ocjena`) VALUES (1,1,10001,1,1,7);
INSERT INTO `student_predmet` (`id`,`student_id`,`predmet_id`,`odslusao`,`polozio`,`ocjena`) VALUES (2,1,10002,1,0,NULL);
INSERT INTO `student_predmet` (`id`,`student_id`,`predmet_id`,`odslusao`,`polozio`,`ocjena`) VALUES (3,1,10003,1,0,NULL);
INSERT INTO `student_predmet` (`id`,`student_id`,`predmet_id`,`odslusao`,`polozio`,`ocjena`) VALUES (4,1,10004,1,1,7);
INSERT INTO `student_predmet` (`id`,`student_id`,`predmet_id`,`odslusao`,`polozio`,`ocjena`) VALUES (5,1,10005,1,1,8);
INSERT INTO `student_predmet` (`id`,`student_id`,`predmet_id`,`odslusao`,`polozio`,`ocjena`) VALUES (6,1,10006,1,1,8);
INSERT INTO `student_predmet` (`id`,`student_id`,`predmet_id`,`odslusao`,`polozio`,`ocjena`) VALUES (7,1,10007,1,1,9);
INSERT INTO `student_predmet` (`id`,`student_id`,`predmet_id`,`odslusao`,`polozio`,`ocjena`) VALUES (8,1,10008,1,1,9);
INSERT INTO `student_predmet` (`id`,`student_id`,`predmet_id`,`odslusao`,`polozio`,`ocjena`) VALUES (9,1,10009,1,0,NULL);
INSERT INTO `student_predmet` (`id`,`student_id`,`predmet_id`,`odslusao`,`polozio`,`ocjena`) VALUES (10,1,10010,1,1,9);
INSERT INTO `student_predmet` (`id`,`student_id`,`predmet_id`,`odslusao`,`polozio`,`ocjena`) VALUES (11,1,10011,1,0,NULL);
INSERT INTO `student_predmet` (`id`,`student_id`,`predmet_id`,`odslusao`,`polozio`,`ocjena`) VALUES (12,1,20001,1,0,NULL);
INSERT INTO `student_predmet` (`id`,`student_id`,`predmet_id`,`odslusao`,`polozio`,`ocjena`) VALUES (13,1,20002,1,0,NULL);
INSERT INTO `student_predmet` (`id`,`student_id`,`predmet_id`,`odslusao`,`polozio`,`ocjena`) VALUES (14,1,20003,1,0,NULL);
INSERT INTO `student_predmet` (`id`,`student_id`,`predmet_id`,`odslusao`,`polozio`,`ocjena`) VALUES (15,1,20004,1,0,NULL);
INSERT INTO `student_predmet` (`id`,`student_id`,`predmet_id`,`odslusao`,`polozio`,`ocjena`) VALUES (16,1,20005,0,0,NULL);
INSERT INTO `student_predmet` (`id`,`student_id`,`predmet_id`,`odslusao`,`polozio`,`ocjena`) VALUES (17,1,20006,0,0,NULL);
INSERT INTO `student_predmet` (`id`,`student_id`,`predmet_id`,`odslusao`,`polozio`,`ocjena`) VALUES (18,1,20007,0,0,NULL);
INSERT INTO `student_predmet` (`id`,`student_id`,`predmet_id`,`odslusao`,`polozio`,`ocjena`) VALUES (19,1,20008,0,0,NULL);
INSERT INTO `student_predmet` (`id`,`student_id`,`predmet_id`,`odslusao`,`polozio`,`ocjena`) VALUES (20,1,20009,0,0,NULL);
INSERT INTO `student_predmet` (`id`,`student_id`,`predmet_id`,`odslusao`,`polozio`,`ocjena`) VALUES (21,1,20010,0,0,NULL);
INSERT INTO `student_predmet` (`id`,`student_id`,`predmet_id`,`odslusao`,`polozio`,`ocjena`) VALUES (22,2,10001,1,1,7);
INSERT INTO `student_predmet` (`id`,`student_id`,`predmet_id`,`odslusao`,`polozio`,`ocjena`) VALUES (23,2,10002,1,0,NULL);
INSERT INTO `student_predmet` (`id`,`student_id`,`predmet_id`,`odslusao`,`polozio`,`ocjena`) VALUES (24,2,10003,1,0,NULL);
INSERT INTO `student_predmet` (`id`,`student_id`,`predmet_id`,`odslusao`,`polozio`,`ocjena`) VALUES (25,2,10004,1,1,7);
INSERT INTO `student_predmet` (`id`,`student_id`,`predmet_id`,`odslusao`,`polozio`,`ocjena`) VALUES (26,2,10005,1,1,8);
INSERT INTO `student_predmet` (`id`,`student_id`,`predmet_id`,`odslusao`,`polozio`,`ocjena`) VALUES (27,2,10006,1,1,8);
INSERT INTO `student_predmet` (`id`,`student_id`,`predmet_id`,`odslusao`,`polozio`,`ocjena`) VALUES (28,2,10007,1,1,9);
INSERT INTO `student_predmet` (`id`,`student_id`,`predmet_id`,`odslusao`,`polozio`,`ocjena`) VALUES (29,2,10008,1,1,9);
INSERT INTO `student_predmet` (`id`,`student_id`,`predmet_id`,`odslusao`,`polozio`,`ocjena`) VALUES (30,2,10009,1,0,NULL);
INSERT INTO `student_predmet` (`id`,`student_id`,`predmet_id`,`odslusao`,`polozio`,`ocjena`) VALUES (31,2,10010,1,1,9);
INSERT INTO `student_predmet` (`id`,`student_id`,`predmet_id`,`odslusao`,`polozio`,`ocjena`) VALUES (32,2,10011,1,0,NULL);
INSERT INTO `student_predmet` (`id`,`student_id`,`predmet_id`,`odslusao`,`polozio`,`ocjena`) VALUES (33,2,20001,1,0,NULL);
INSERT INTO `student_predmet` (`id`,`student_id`,`predmet_id`,`odslusao`,`polozio`,`ocjena`) VALUES (34,2,20002,1,0,NULL);
INSERT INTO `student_predmet` (`id`,`student_id`,`predmet_id`,`odslusao`,`polozio`,`ocjena`) VALUES (35,2,20003,1,0,NULL);
INSERT INTO `student_predmet` (`id`,`student_id`,`predmet_id`,`odslusao`,`polozio`,`ocjena`) VALUES (36,2,20004,1,0,NULL);
INSERT INTO `student_predmet` (`id`,`student_id`,`predmet_id`,`odslusao`,`polozio`,`ocjena`) VALUES (37,2,20005,0,0,NULL);
INSERT INTO `student_predmet` (`id`,`student_id`,`predmet_id`,`odslusao`,`polozio`,`ocjena`) VALUES (38,2,20006,0,0,NULL);
INSERT INTO `student_predmet` (`id`,`student_id`,`predmet_id`,`odslusao`,`polozio`,`ocjena`) VALUES (39,2,20007,0,0,NULL);
INSERT INTO `student_predmet` (`id`,`student_id`,`predmet_id`,`odslusao`,`polozio`,`ocjena`) VALUES (40,2,20008,0,0,NULL);
INSERT INTO `student_predmet` (`id`,`student_id`,`predmet_id`,`odslusao`,`polozio`,`ocjena`) VALUES (41,2,20009,0,0,NULL);
INSERT INTO `student_predmet` (`id`,`student_id`,`predmet_id`,`odslusao`,`polozio`,`ocjena`) VALUES (42,2,20010,0,0,NULL);





INSERT INTO `termin` (`id`,`predmet_id`,`ispitni_rok`,`vrijeme`,`mjesto`) VALUES (1,10001,'Јануарско фебруарски испитни рок','2021-02-05 09:00:00','сала 1101');
INSERT INTO `termin` (`id`,`predmet_id`,`ispitni_rok`,`vrijeme`,`mjesto`) VALUES (2,10001,'Јануарско фебруарски испитни рок','2021-02-19 09:00:00','сала 1101');
INSERT INTO `termin` (`id`,`predmet_id`,`ispitni_rok`,`vrijeme`,`mjesto`) VALUES (3,10001,'Априлски испитни рок','2021-05-07 13:00:00','сала 1101, 1108');
INSERT INTO `termin` (`id`,`predmet_id`,`ispitni_rok`,`vrijeme`,`mjesto`) VALUES (4,10001,'Јунско јулски испитни рок','2021-06-18 09:00:00','сала 1101');
INSERT INTO `termin` (`id`,`predmet_id`,`ispitni_rok`,`vrijeme`,`mjesto`) VALUES (5,10001,'Јунско јулски испитни рок','2021-07-02 09:00:00','сала 1101');
INSERT INTO `termin` (`id`,`predmet_id`,`ispitni_rok`,`vrijeme`,`mjesto`) VALUES (6,10001,'Септембарски испитни рок','2021-08-27 09:00:00','сала 1101');
INSERT INTO `termin` (`id`,`predmet_id`,`ispitni_rok`,`vrijeme`,`mjesto`) VALUES (7,10001,'Септембарски испитни рок','2021-09-10 09:00:00','сала 1101');
INSERT INTO `termin` (`id`,`predmet_id`,`ispitni_rok`,`vrijeme`,`mjesto`) VALUES (8,10001,'Октобарски испитни рок','2021-10-08 09:00:00','сала 1101');
INSERT INTO `termin` (`id`,`predmet_id`,`ispitni_rok`,`vrijeme`,`mjesto`) VALUES (9,10002,'Јануарско фебруарски испитни рок','2021-02-05 09:00:00','сала 1101');
INSERT INTO `termin` (`id`,`predmet_id`,`ispitni_rok`,`vrijeme`,`mjesto`) VALUES (10,10002,'Јануарско фебруарски испитни рок','2021-02-19 09:00:00','сала 1101');
INSERT INTO `termin` (`id`,`predmet_id`,`ispitni_rok`,`vrijeme`,`mjesto`) VALUES (11,10002,'Априлски испитни рок','2021-05-07 13:00:00','сала 1101, 1108');
INSERT INTO `termin` (`id`,`predmet_id`,`ispitni_rok`,`vrijeme`,`mjesto`) VALUES (12,10002,'Јунско јулски испитни рок','2021-06-18 09:00:00','сала 1101');
INSERT INTO `termin` (`id`,`predmet_id`,`ispitni_rok`,`vrijeme`,`mjesto`) VALUES (13,10002,'Јунско јулски испитни рок','2021-07-02 09:00:00','сала 1101');
INSERT INTO `termin` (`id`,`predmet_id`,`ispitni_rok`,`vrijeme`,`mjesto`) VALUES (14,10002,'Септембарски испитни рок','2021-08-27 09:00:00','сала 1101');
INSERT INTO `termin` (`id`,`predmet_id`,`ispitni_rok`,`vrijeme`,`mjesto`) VALUES (15,10002,'Септембарски испитни рок','2021-09-10 09:00:00','сала 1101');
INSERT INTO `termin` (`id`,`predmet_id`,`ispitni_rok`,`vrijeme`,`mjesto`) VALUES (16,10002,'Октобарски испитни рок','2021-10-08 09:00:00','сала 1101');
INSERT INTO `termin` (`id`,`predmet_id`,`ispitni_rok`,`vrijeme`,`mjesto`) VALUES (17,10003,'Јануарско фебруарски испитни рок','2021-02-05 09:00:00','сала 1101');
INSERT INTO `termin` (`id`,`predmet_id`,`ispitni_rok`,`vrijeme`,`mjesto`) VALUES (18,10003,'Јануарско фебруарски испитни рок','2021-02-19 09:00:00','сала 1101');
INSERT INTO `termin` (`id`,`predmet_id`,`ispitni_rok`,`vrijeme`,`mjesto`) VALUES (19,10003,'Априлски испитни рок','2021-05-07 13:00:00','сала 1101, 1108');
INSERT INTO `termin` (`id`,`predmet_id`,`ispitni_rok`,`vrijeme`,`mjesto`) VALUES (20,10003,'Јунско јулски испитни рок','2021-06-18 09:00:00','сала 1101');
INSERT INTO `termin` (`id`,`predmet_id`,`ispitni_rok`,`vrijeme`,`mjesto`) VALUES (21,10003,'Јунско јулски испитни рок','2021-07-02 09:00:00','сала 1101');
INSERT INTO `termin` (`id`,`predmet_id`,`ispitni_rok`,`vrijeme`,`mjesto`) VALUES (22,10003,'Септембарски испитни рок','2021-08-27 09:00:00','сала 1101');
INSERT INTO `termin` (`id`,`predmet_id`,`ispitni_rok`,`vrijeme`,`mjesto`) VALUES (23,10003,'Септембарски испитни рок','2021-09-10 09:00:00','сала 1101');
INSERT INTO `termin` (`id`,`predmet_id`,`ispitni_rok`,`vrijeme`,`mjesto`) VALUES (24,10003,'Октобарски испитни рок','2021-10-08 09:00:00','сала 1101');
INSERT INTO `termin` (`id`,`predmet_id`,`ispitni_rok`,`vrijeme`,`mjesto`) VALUES (25,10004,'Јануарско фебруарски испитни рок','2021-02-05 09:00:00','сала 1101');
INSERT INTO `termin` (`id`,`predmet_id`,`ispitni_rok`,`vrijeme`,`mjesto`) VALUES (26,10004,'Јануарско фебруарски испитни рок','2021-02-19 09:00:00','сала 1101');
INSERT INTO `termin` (`id`,`predmet_id`,`ispitni_rok`,`vrijeme`,`mjesto`) VALUES (27,10004,'Априлски испитни рок','2021-05-07 13:00:00','сала 1101, 1108');
INSERT INTO `termin` (`id`,`predmet_id`,`ispitni_rok`,`vrijeme`,`mjesto`) VALUES (28,10004,'Јунско јулски испитни рок','2021-06-18 09:00:00','сала 1101');
INSERT INTO `termin` (`id`,`predmet_id`,`ispitni_rok`,`vrijeme`,`mjesto`) VALUES (29,10004,'Јунско јулски испитни рок','2021-07-02 09:00:00','сала 1101');
INSERT INTO `termin` (`id`,`predmet_id`,`ispitni_rok`,`vrijeme`,`mjesto`) VALUES (30,10004,'Септембарски испитни рок','2021-08-27 09:00:00','сала 1101');
INSERT INTO `termin` (`id`,`predmet_id`,`ispitni_rok`,`vrijeme`,`mjesto`) VALUES (31,10004,'Септембарски испитни рок','2021-09-10 09:00:00','сала 1101');
INSERT INTO `termin` (`id`,`predmet_id`,`ispitni_rok`,`vrijeme`,`mjesto`) VALUES (32,10004,'Октобарски испитни рок','2021-10-08 09:00:00','сала 1101');
INSERT INTO `termin` (`id`,`predmet_id`,`ispitni_rok`,`vrijeme`,`mjesto`) VALUES (33,10005,'Јануарско фебруарски испитни рок','2021-02-05 09:00:00','сала 1101');
INSERT INTO `termin` (`id`,`predmet_id`,`ispitni_rok`,`vrijeme`,`mjesto`) VALUES (34,10005,'Јануарско фебруарски испитни рок','2021-02-19 09:00:00','сала 1101');
INSERT INTO `termin` (`id`,`predmet_id`,`ispitni_rok`,`vrijeme`,`mjesto`) VALUES (35,10005,'Априлски испитни рок','2021-05-07 13:00:00','сала 1101, 1108');
INSERT INTO `termin` (`id`,`predmet_id`,`ispitni_rok`,`vrijeme`,`mjesto`) VALUES (36,10005,'Јунско јулски испитни рок','2021-06-18 09:00:00','сала 1101');
INSERT INTO `termin` (`id`,`predmet_id`,`ispitni_rok`,`vrijeme`,`mjesto`) VALUES (37,10005,'Јунско јулски испитни рок','2021-07-02 09:00:00','сала 1101');
INSERT INTO `termin` (`id`,`predmet_id`,`ispitni_rok`,`vrijeme`,`mjesto`) VALUES (38,10005,'Септембарски испитни рок','2021-08-27 09:00:00','сала 1101');
INSERT INTO `termin` (`id`,`predmet_id`,`ispitni_rok`,`vrijeme`,`mjesto`) VALUES (39,10005,'Септембарски испитни рок','2021-09-10 09:00:00','сала 1101');
INSERT INTO `termin` (`id`,`predmet_id`,`ispitni_rok`,`vrijeme`,`mjesto`) VALUES (40,10005,'Октобарски испитни рок','2021-10-08 09:00:00','сала 1101');
INSERT INTO `termin` (`id`,`predmet_id`,`ispitni_rok`,`vrijeme`,`mjesto`) VALUES (41,10006,'Јануарско фебруарски испитни рок','2021-02-05 09:00:00','сала 1101');
INSERT INTO `termin` (`id`,`predmet_id`,`ispitni_rok`,`vrijeme`,`mjesto`) VALUES (42,10006,'Јануарско фебруарски испитни рок','2021-02-19 09:00:00','сала 1101');
INSERT INTO `termin` (`id`,`predmet_id`,`ispitni_rok`,`vrijeme`,`mjesto`) VALUES (43,10006,'Априлски испитни рок','2021-05-07 13:00:00','сала 1101, 1108');
INSERT INTO `termin` (`id`,`predmet_id`,`ispitni_rok`,`vrijeme`,`mjesto`) VALUES (44,10006,'Јунско јулски испитни рок','2021-06-18 09:00:00','сала 1101');
INSERT INTO `termin` (`id`,`predmet_id`,`ispitni_rok`,`vrijeme`,`mjesto`) VALUES (45,10006,'Јунско јулски испитни рок','2021-07-02 09:00:00','сала 1101');
INSERT INTO `termin` (`id`,`predmet_id`,`ispitni_rok`,`vrijeme`,`mjesto`) VALUES (46,10006,'Септембарски испитни рок','2021-08-27 09:00:00','сала 1101');
INSERT INTO `termin` (`id`,`predmet_id`,`ispitni_rok`,`vrijeme`,`mjesto`) VALUES (47,10006,'Септембарски испитни рок','2021-09-10 09:00:00','сала 1101');
INSERT INTO `termin` (`id`,`predmet_id`,`ispitni_rok`,`vrijeme`,`mjesto`) VALUES (48,10006,'Октобарски испитни рок','2021-10-08 09:00:00','сала 1101');
INSERT INTO `termin` (`id`,`predmet_id`,`ispitni_rok`,`vrijeme`,`mjesto`) VALUES (49,10007,'Јануарско фебруарски испитни рок','2021-02-05 09:00:00','сала 1101');
INSERT INTO `termin` (`id`,`predmet_id`,`ispitni_rok`,`vrijeme`,`mjesto`) VALUES (50,10007,'Јануарско фебруарски испитни рок','2021-02-19 09:00:00','сала 1101');
INSERT INTO `termin` (`id`,`predmet_id`,`ispitni_rok`,`vrijeme`,`mjesto`) VALUES (51,10007,'Априлски испитни рок','2021-05-07 13:00:00','сала 1101, 1108');
INSERT INTO `termin` (`id`,`predmet_id`,`ispitni_rok`,`vrijeme`,`mjesto`) VALUES (52,10007,'Јунско јулски испитни рок','2021-06-18 09:00:00','сала 1101');
INSERT INTO `termin` (`id`,`predmet_id`,`ispitni_rok`,`vrijeme`,`mjesto`) VALUES (53,10007,'Јунско јулски испитни рок','2021-07-02 09:00:00','сала 1101');
INSERT INTO `termin` (`id`,`predmet_id`,`ispitni_rok`,`vrijeme`,`mjesto`) VALUES (54,10007,'Септембарски испитни рок','2021-08-27 09:00:00','сала 1101');
INSERT INTO `termin` (`id`,`predmet_id`,`ispitni_rok`,`vrijeme`,`mjesto`) VALUES (55,10007,'Септембарски испитни рок','2021-09-10 09:00:00','сала 1101');
INSERT INTO `termin` (`id`,`predmet_id`,`ispitni_rok`,`vrijeme`,`mjesto`) VALUES (56,10007,'Октобарски испитни рок','2021-10-08 09:00:00','сала 1101');
INSERT INTO `termin` (`id`,`predmet_id`,`ispitni_rok`,`vrijeme`,`mjesto`) VALUES (57,10008,'Јануарско фебруарски испитни рок','2021-02-05 09:00:00','сала 1101');
INSERT INTO `termin` (`id`,`predmet_id`,`ispitni_rok`,`vrijeme`,`mjesto`) VALUES (58,10008,'Јануарско фебруарски испитни рок','2021-02-19 09:00:00','сала 1101');
INSERT INTO `termin` (`id`,`predmet_id`,`ispitni_rok`,`vrijeme`,`mjesto`) VALUES (59,10008,'Априлски испитни рок','2021-05-07 13:00:00','сала 1101, 1108');
INSERT INTO `termin` (`id`,`predmet_id`,`ispitni_rok`,`vrijeme`,`mjesto`) VALUES (60,10008,'Јунско јулски испитни рок','2021-06-18 09:00:00','сала 1101');
INSERT INTO `termin` (`id`,`predmet_id`,`ispitni_rok`,`vrijeme`,`mjesto`) VALUES (61,10008,'Јунско јулски испитни рок','2021-07-02 09:00:00','сала 1101');
INSERT INTO `termin` (`id`,`predmet_id`,`ispitni_rok`,`vrijeme`,`mjesto`) VALUES (62,10008,'Септембарски испитни рок','2021-08-27 09:00:00','сала 1101');
INSERT INTO `termin` (`id`,`predmet_id`,`ispitni_rok`,`vrijeme`,`mjesto`) VALUES (63,10008,'Септембарски испитни рок','2021-09-10 09:00:00','сала 1101');
INSERT INTO `termin` (`id`,`predmet_id`,`ispitni_rok`,`vrijeme`,`mjesto`) VALUES (64,10008,'Октобарски испитни рок','2021-10-08 09:00:00','сала 1101');
INSERT INTO `termin` (`id`,`predmet_id`,`ispitni_rok`,`vrijeme`,`mjesto`) VALUES (65,10009,'Јануарско фебруарски испитни рок','2021-02-05 09:00:00','сала 1101');
INSERT INTO `termin` (`id`,`predmet_id`,`ispitni_rok`,`vrijeme`,`mjesto`) VALUES (66,10009,'Јануарско фебруарски испитни рок','2021-02-19 09:00:00','сала 1101');
INSERT INTO `termin` (`id`,`predmet_id`,`ispitni_rok`,`vrijeme`,`mjesto`) VALUES (67,10009,'Априлски испитни рок','2021-05-07 13:00:00','сала 1101, 1108');
INSERT INTO `termin` (`id`,`predmet_id`,`ispitni_rok`,`vrijeme`,`mjesto`) VALUES (68,10009,'Јунско јулски испитни рок','2021-06-18 09:00:00','сала 1101');
INSERT INTO `termin` (`id`,`predmet_id`,`ispitni_rok`,`vrijeme`,`mjesto`) VALUES (69,10009,'Јунско јулски испитни рок','2021-07-02 09:00:00','сала 1101');
INSERT INTO `termin` (`id`,`predmet_id`,`ispitni_rok`,`vrijeme`,`mjesto`) VALUES (70,10009,'Септембарски испитни рок','2021-08-27 09:00:00','сала 1101');
INSERT INTO `termin` (`id`,`predmet_id`,`ispitni_rok`,`vrijeme`,`mjesto`) VALUES (71,10009,'Септембарски испитни рок','2021-09-10 09:00:00','сала 1101');
INSERT INTO `termin` (`id`,`predmet_id`,`ispitni_rok`,`vrijeme`,`mjesto`) VALUES (72,10009,'Октобарски испитни рок','2021-10-08 09:00:00','сала 1101');
INSERT INTO `termin` (`id`,`predmet_id`,`ispitni_rok`,`vrijeme`,`mjesto`) VALUES (73,10010,'Јануарско фебруарски испитни рок','2021-02-05 09:00:00','сала 1101');
INSERT INTO `termin` (`id`,`predmet_id`,`ispitni_rok`,`vrijeme`,`mjesto`) VALUES (74,10010,'Јануарско фебруарски испитни рок','2021-02-19 09:00:00','сала 1101');
INSERT INTO `termin` (`id`,`predmet_id`,`ispitni_rok`,`vrijeme`,`mjesto`) VALUES (75,10010,'Априлски испитни рок','2021-05-07 13:00:00','сала 1101, 1108');
INSERT INTO `termin` (`id`,`predmet_id`,`ispitni_rok`,`vrijeme`,`mjesto`) VALUES (76,10010,'Јунско јулски испитни рок','2021-06-18 09:00:00','сала 1101');
INSERT INTO `termin` (`id`,`predmet_id`,`ispitni_rok`,`vrijeme`,`mjesto`) VALUES (77,10010,'Јунско јулски испитни рок','2021-07-02 09:00:00','сала 1101');
INSERT INTO `termin` (`id`,`predmet_id`,`ispitni_rok`,`vrijeme`,`mjesto`) VALUES (78,10010,'Септембарски испитни рок','2021-08-27 09:00:00','сала 1101');
INSERT INTO `termin` (`id`,`predmet_id`,`ispitni_rok`,`vrijeme`,`mjesto`) VALUES (79,10010,'Септембарски испитни рок','2021-09-10 09:00:00','сала 1101');
INSERT INTO `termin` (`id`,`predmet_id`,`ispitni_rok`,`vrijeme`,`mjesto`) VALUES (80,10010,'Октобарски испитни рок','2021-10-08 09:00:00','сала 1101');
INSERT INTO `termin` (`id`,`predmet_id`,`ispitni_rok`,`vrijeme`,`mjesto`) VALUES (81,10011,'Јануарско фебруарски испитни рок','2021-02-05 09:00:00','сала 1101');
INSERT INTO `termin` (`id`,`predmet_id`,`ispitni_rok`,`vrijeme`,`mjesto`) VALUES (82,10011,'Јануарско фебруарски испитни рок','2021-02-19 09:00:00','сала 1101');
INSERT INTO `termin` (`id`,`predmet_id`,`ispitni_rok`,`vrijeme`,`mjesto`) VALUES (83,10011,'Априлски испитни рок','2021-05-07 13:00:00','сала 1101, 1108');
INSERT INTO `termin` (`id`,`predmet_id`,`ispitni_rok`,`vrijeme`,`mjesto`) VALUES (84,10011,'Јунско јулски испитни рок','2021-06-18 09:00:00','сала 1101');
INSERT INTO `termin` (`id`,`predmet_id`,`ispitni_rok`,`vrijeme`,`mjesto`) VALUES (85,10011,'Јунско јулски испитни рок','2021-07-02 09:00:00','сала 1101');
INSERT INTO `termin` (`id`,`predmet_id`,`ispitni_rok`,`vrijeme`,`mjesto`) VALUES (86,10011,'Септембарски испитни рок','2021-08-27 09:00:00','сала 1101');
INSERT INTO `termin` (`id`,`predmet_id`,`ispitni_rok`,`vrijeme`,`mjesto`) VALUES (87,10011,'Септембарски испитни рок','2021-09-10 09:00:00','сала 1101');
INSERT INTO `termin` (`id`,`predmet_id`,`ispitni_rok`,`vrijeme`,`mjesto`) VALUES (88,10011,'Октобарски испитни рок','2021-10-08 09:00:00','сала 1101');
INSERT INTO `termin` (`id`,`predmet_id`,`ispitni_rok`,`vrijeme`,`mjesto`) VALUES (89,20001,'Јануарско фебруарски испитни рок','2021-02-05 09:00:00','сала 1101');
INSERT INTO `termin` (`id`,`predmet_id`,`ispitni_rok`,`vrijeme`,`mjesto`) VALUES (90,20001,'Јануарско фебруарски испитни рок','2021-02-19 09:00:00','сала 1101');
INSERT INTO `termin` (`id`,`predmet_id`,`ispitni_rok`,`vrijeme`,`mjesto`) VALUES (91,20001,'Априлски испитни рок','2021-05-07 13:00:00','сала 1101, 1108');
INSERT INTO `termin` (`id`,`predmet_id`,`ispitni_rok`,`vrijeme`,`mjesto`) VALUES (92,20001,'Јунско јулски испитни рок','2021-06-18 09:00:00','сала 1101');
INSERT INTO `termin` (`id`,`predmet_id`,`ispitni_rok`,`vrijeme`,`mjesto`) VALUES (93,20001,'Јунско јулски испитни рок','2021-07-02 09:00:00','сала 1101');
INSERT INTO `termin` (`id`,`predmet_id`,`ispitni_rok`,`vrijeme`,`mjesto`) VALUES (94,20001,'Септембарски испитни рок','2021-08-27 09:00:00','сала 1101');
INSERT INTO `termin` (`id`,`predmet_id`,`ispitni_rok`,`vrijeme`,`mjesto`) VALUES (95,20001,'Септембарски испитни рок','2021-09-10 09:00:00','сала 1101');
INSERT INTO `termin` (`id`,`predmet_id`,`ispitni_rok`,`vrijeme`,`mjesto`) VALUES (96,20001,'Октобарски испитни рок','2021-10-08 09:00:00','сала 1101');
INSERT INTO `termin` (`id`,`predmet_id`,`ispitni_rok`,`vrijeme`,`mjesto`) VALUES (97,20002,'Јануарско фебруарски испитни рок','2021-02-05 09:00:00','сала 1101');
INSERT INTO `termin` (`id`,`predmet_id`,`ispitni_rok`,`vrijeme`,`mjesto`) VALUES (98,20002,'Јануарско фебруарски испитни рок','2021-02-19 09:00:00','сала 1101');
INSERT INTO `termin` (`id`,`predmet_id`,`ispitni_rok`,`vrijeme`,`mjesto`) VALUES (99,20002,'Априлски испитни рок','2021-05-07 13:00:00','сала 1101, 1108');
INSERT INTO `termin` (`id`,`predmet_id`,`ispitni_rok`,`vrijeme`,`mjesto`) VALUES (100,20002,'Јунско јулски испитни рок','2021-06-18 09:00:00','сала 1101');
INSERT INTO `termin` (`id`,`predmet_id`,`ispitni_rok`,`vrijeme`,`mjesto`) VALUES (101,20002,'Јунско јулски испитни рок','2021-07-02 09:00:00','сала 1101');
INSERT INTO `termin` (`id`,`predmet_id`,`ispitni_rok`,`vrijeme`,`mjesto`) VALUES (102,20002,'Септембарски испитни рок','2021-08-27 09:00:00','сала 1101');
INSERT INTO `termin` (`id`,`predmet_id`,`ispitni_rok`,`vrijeme`,`mjesto`) VALUES (103,20002,'Септембарски испитни рок','2021-09-10 09:00:00','сала 1101');
INSERT INTO `termin` (`id`,`predmet_id`,`ispitni_rok`,`vrijeme`,`mjesto`) VALUES (104,20002,'Октобарски испитни рок','2021-10-08 09:00:00','сала 1101');
INSERT INTO `termin` (`id`,`predmet_id`,`ispitni_rok`,`vrijeme`,`mjesto`) VALUES (105,20003,'Јануарско фебруарски испитни рок','2021-02-05 09:00:00','сала 1101');
INSERT INTO `termin` (`id`,`predmet_id`,`ispitni_rok`,`vrijeme`,`mjesto`) VALUES (106,20003,'Јануарско фебруарски испитни рок','2021-02-19 09:00:00','сала 1101');
INSERT INTO `termin` (`id`,`predmet_id`,`ispitni_rok`,`vrijeme`,`mjesto`) VALUES (107,20003,'Априлски испитни рок','2021-05-07 13:00:00','сала 1101, 1108');
INSERT INTO `termin` (`id`,`predmet_id`,`ispitni_rok`,`vrijeme`,`mjesto`) VALUES (108,20003,'Јунско јулски испитни рок','2021-06-18 09:00:00','сала 1101');
INSERT INTO `termin` (`id`,`predmet_id`,`ispitni_rok`,`vrijeme`,`mjesto`) VALUES (109,20003,'Јунско јулски испитни рок','2021-07-02 09:00:00','сала 1101');
INSERT INTO `termin` (`id`,`predmet_id`,`ispitni_rok`,`vrijeme`,`mjesto`) VALUES (110,20003,'Септембарски испитни рок','2021-08-27 09:00:00','сала 1101');
INSERT INTO `termin` (`id`,`predmet_id`,`ispitni_rok`,`vrijeme`,`mjesto`) VALUES (111,20003,'Септембарски испитни рок','2021-09-10 09:00:00','сала 1101');
INSERT INTO `termin` (`id`,`predmet_id`,`ispitni_rok`,`vrijeme`,`mjesto`) VALUES (112,20003,'Октобарски испитни рок','2021-10-08 09:00:00','сала 1101');
INSERT INTO `termin` (`id`,`predmet_id`,`ispitni_rok`,`vrijeme`,`mjesto`) VALUES (113,20004,'Јануарско фебруарски испитни рок','2021-02-05 09:00:00','сала 1101');
INSERT INTO `termin` (`id`,`predmet_id`,`ispitni_rok`,`vrijeme`,`mjesto`) VALUES (114,20004,'Јануарско фебруарски испитни рок','2021-02-19 09:00:00','сала 1101');
INSERT INTO `termin` (`id`,`predmet_id`,`ispitni_rok`,`vrijeme`,`mjesto`) VALUES (115,20004,'Априлски испитни рок','2021-05-07 13:00:00','сала 1101, 1108');
INSERT INTO `termin` (`id`,`predmet_id`,`ispitni_rok`,`vrijeme`,`mjesto`) VALUES (116,20004,'Јунско јулски испитни рок','2021-06-18 09:00:00','сала 1101');
INSERT INTO `termin` (`id`,`predmet_id`,`ispitni_rok`,`vrijeme`,`mjesto`) VALUES (117,20004,'Јунско јулски испитни рок','2021-07-02 09:00:00','сала 1101');
INSERT INTO `termin` (`id`,`predmet_id`,`ispitni_rok`,`vrijeme`,`mjesto`) VALUES (118,20004,'Септембарски испитни рок','2021-08-27 09:00:00','сала 1101');
INSERT INTO `termin` (`id`,`predmet_id`,`ispitni_rok`,`vrijeme`,`mjesto`) VALUES (119,20004,'Септембарски испитни рок','2021-09-10 09:00:00','сала 1101');
INSERT INTO `termin` (`id`,`predmet_id`,`ispitni_rok`,`vrijeme`,`mjesto`) VALUES (120,20004,'Октобарски испитни рок','2021-10-08 09:00:00','сала 1101');
INSERT INTO `termin` (`id`,`predmet_id`,`ispitni_rok`,`vrijeme`,`mjesto`) VALUES (121,20005,'Јануарско фебруарски испитни рок','2021-02-05 09:00:00','сала 1101');
INSERT INTO `termin` (`id`,`predmet_id`,`ispitni_rok`,`vrijeme`,`mjesto`) VALUES (122,20005,'Јануарско фебруарски испитни рок','2021-02-19 09:00:00','сала 1101');
INSERT INTO `termin` (`id`,`predmet_id`,`ispitni_rok`,`vrijeme`,`mjesto`) VALUES (123,20005,'Априлски испитни рок','2021-05-07 13:00:00','сала 1101, 1108');
INSERT INTO `termin` (`id`,`predmet_id`,`ispitni_rok`,`vrijeme`,`mjesto`) VALUES (124,20005,'Јунско јулски испитни рок','2021-06-18 09:00:00','сала 1101');
INSERT INTO `termin` (`id`,`predmet_id`,`ispitni_rok`,`vrijeme`,`mjesto`) VALUES (125,20005,'Јунско јулски испитни рок','2021-07-02 09:00:00','сала 1101');
INSERT INTO `termin` (`id`,`predmet_id`,`ispitni_rok`,`vrijeme`,`mjesto`) VALUES (126,20005,'Септембарски испитни рок','2021-08-27 09:00:00','сала 1101');
INSERT INTO `termin` (`id`,`predmet_id`,`ispitni_rok`,`vrijeme`,`mjesto`) VALUES (127,20005,'Септембарски испитни рок','2021-09-10 09:00:00','сала 1101');
INSERT INTO `termin` (`id`,`predmet_id`,`ispitni_rok`,`vrijeme`,`mjesto`) VALUES (128,20005,'Октобарски испитни рок','2021-10-08 09:00:00','сала 1101');
INSERT INTO `termin` (`id`,`predmet_id`,`ispitni_rok`,`vrijeme`,`mjesto`) VALUES (129,20006,'Јануарско фебруарски испитни рок','2021-02-05 09:00:00','сала 1101');
INSERT INTO `termin` (`id`,`predmet_id`,`ispitni_rok`,`vrijeme`,`mjesto`) VALUES (130,20006,'Јануарско фебруарски испитни рок','2021-02-19 09:00:00','сала 1101');
INSERT INTO `termin` (`id`,`predmet_id`,`ispitni_rok`,`vrijeme`,`mjesto`) VALUES (131,20006,'Априлски испитни рок','2021-05-07 13:00:00','сала 1101, 1108');
INSERT INTO `termin` (`id`,`predmet_id`,`ispitni_rok`,`vrijeme`,`mjesto`) VALUES (132,20006,'Јунско јулски испитни рок','2021-06-18 09:00:00','сала 1101');
INSERT INTO `termin` (`id`,`predmet_id`,`ispitni_rok`,`vrijeme`,`mjesto`) VALUES (133,20006,'Јунско јулски испитни рок','2021-07-02 09:00:00','сала 1101');
INSERT INTO `termin` (`id`,`predmet_id`,`ispitni_rok`,`vrijeme`,`mjesto`) VALUES (134,20006,'Септембарски испитни рок','2021-08-27 09:00:00','сала 1101');
INSERT INTO `termin` (`id`,`predmet_id`,`ispitni_rok`,`vrijeme`,`mjesto`) VALUES (135,20006,'Септембарски испитни рок','2021-09-10 09:00:00','сала 1101');
INSERT INTO `termin` (`id`,`predmet_id`,`ispitni_rok`,`vrijeme`,`mjesto`) VALUES (136,20006,'Октобарски испитни рок','2021-10-08 09:00:00','сала 1101');
INSERT INTO `termin` (`id`,`predmet_id`,`ispitni_rok`,`vrijeme`,`mjesto`) VALUES (137,20007,'Јануарско фебруарски испитни рок','2021-02-05 09:00:00','сала 1101');
INSERT INTO `termin` (`id`,`predmet_id`,`ispitni_rok`,`vrijeme`,`mjesto`) VALUES (138,20007,'Јануарско фебруарски испитни рок','2021-02-19 09:00:00','сала 1101');
INSERT INTO `termin` (`id`,`predmet_id`,`ispitni_rok`,`vrijeme`,`mjesto`) VALUES (139,20007,'Априлски испитни рок','2021-05-07 13:00:00','сала 1101, 1108');
INSERT INTO `termin` (`id`,`predmet_id`,`ispitni_rok`,`vrijeme`,`mjesto`) VALUES (140,20007,'Јунско јулски испитни рок','2021-06-18 09:00:00','сала 1101');
INSERT INTO `termin` (`id`,`predmet_id`,`ispitni_rok`,`vrijeme`,`mjesto`) VALUES (141,20007,'Јунско јулски испитни рок','2021-07-02 09:00:00','сала 1101');
INSERT INTO `termin` (`id`,`predmet_id`,`ispitni_rok`,`vrijeme`,`mjesto`) VALUES (142,20007,'Септембарски испитни рок','2021-08-27 09:00:00','сала 1101');
INSERT INTO `termin` (`id`,`predmet_id`,`ispitni_rok`,`vrijeme`,`mjesto`) VALUES (143,20007,'Септембарски испитни рок','2021-09-10 09:00:00','сала 1101');
INSERT INTO `termin` (`id`,`predmet_id`,`ispitni_rok`,`vrijeme`,`mjesto`) VALUES (144,20007,'Октобарски испитни рок','2021-10-08 09:00:00','сала 1101');
INSERT INTO `termin` (`id`,`predmet_id`,`ispitni_rok`,`vrijeme`,`mjesto`) VALUES (145,20008,'Јануарско фебруарски испитни рок','2021-02-05 09:00:00','сала 1101');
INSERT INTO `termin` (`id`,`predmet_id`,`ispitni_rok`,`vrijeme`,`mjesto`) VALUES (146,20008,'Јануарско фебруарски испитни рок','2021-02-19 09:00:00','сала 1101');
INSERT INTO `termin` (`id`,`predmet_id`,`ispitni_rok`,`vrijeme`,`mjesto`) VALUES (147,20008,'Априлски испитни рок','2021-05-07 13:00:00','сала 1101, 1108');
INSERT INTO `termin` (`id`,`predmet_id`,`ispitni_rok`,`vrijeme`,`mjesto`) VALUES (148,20008,'Јунско јулски испитни рок','2021-06-18 09:00:00','сала 1101');
INSERT INTO `termin` (`id`,`predmet_id`,`ispitni_rok`,`vrijeme`,`mjesto`) VALUES (149,20008,'Јунско јулски испитни рок','2021-07-02 09:00:00','сала 1101');
INSERT INTO `termin` (`id`,`predmet_id`,`ispitni_rok`,`vrijeme`,`mjesto`) VALUES (150,20008,'Септембарски испитни рок','2021-08-27 09:00:00','сала 1101');
INSERT INTO `termin` (`id`,`predmet_id`,`ispitni_rok`,`vrijeme`,`mjesto`) VALUES (151,20008,'Септембарски испитни рок','2021-09-10 09:00:00','сала 1101');
INSERT INTO `termin` (`id`,`predmet_id`,`ispitni_rok`,`vrijeme`,`mjesto`) VALUES (152,20008,'Октобарски испитни рок','2021-10-08 09:00:00','сала 1101');
INSERT INTO `termin` (`id`,`predmet_id`,`ispitni_rok`,`vrijeme`,`mjesto`) VALUES (153,20009,'Јануарско фебруарски испитни рок','2021-02-05 09:00:00','сала 1101');
INSERT INTO `termin` (`id`,`predmet_id`,`ispitni_rok`,`vrijeme`,`mjesto`) VALUES (154,20009,'Јануарско фебруарски испитни рок','2021-02-19 09:00:00','сала 1101');
INSERT INTO `termin` (`id`,`predmet_id`,`ispitni_rok`,`vrijeme`,`mjesto`) VALUES (155,20009,'Априлски испитни рок','2021-05-07 13:00:00','сала 1101, 1108');
INSERT INTO `termin` (`id`,`predmet_id`,`ispitni_rok`,`vrijeme`,`mjesto`) VALUES (156,20009,'Јунско јулски испитни рок','2021-06-18 09:00:00','сала 1101');
INSERT INTO `termin` (`id`,`predmet_id`,`ispitni_rok`,`vrijeme`,`mjesto`) VALUES (157,20009,'Јунско јулски испитни рок','2021-07-02 09:00:00','сала 1101');
INSERT INTO `termin` (`id`,`predmet_id`,`ispitni_rok`,`vrijeme`,`mjesto`) VALUES (158,20009,'Септембарски испитни рок','2021-08-27 09:00:00','сала 1101');
INSERT INTO `termin` (`id`,`predmet_id`,`ispitni_rok`,`vrijeme`,`mjesto`) VALUES (159,20009,'Септембарски испитни рок','2021-09-10 09:00:00','сала 1101');
INSERT INTO `termin` (`id`,`predmet_id`,`ispitni_rok`,`vrijeme`,`mjesto`) VALUES (160,20009,'Октобарски испитни рок','2021-10-08 09:00:00','сала 1101');
INSERT INTO `termin` (`id`,`predmet_id`,`ispitni_rok`,`vrijeme`,`mjesto`) VALUES (161,20010,'Јануарско фебруарски испитни рок','2021-02-05 09:00:00','сала 1101');
INSERT INTO `termin` (`id`,`predmet_id`,`ispitni_rok`,`vrijeme`,`mjesto`) VALUES (162,20010,'Јануарско фебруарски испитни рок','2021-02-19 09:00:00','сала 1101');
INSERT INTO `termin` (`id`,`predmet_id`,`ispitni_rok`,`vrijeme`,`mjesto`) VALUES (163,20010,'Априлски испитни рок','2021-05-07 13:00:00','сала 1101, 1108');
INSERT INTO `termin` (`id`,`predmet_id`,`ispitni_rok`,`vrijeme`,`mjesto`) VALUES (164,20010,'Јунско јулски испитни рок','2021-06-18 09:00:00','сала 1101');
INSERT INTO `termin` (`id`,`predmet_id`,`ispitni_rok`,`vrijeme`,`mjesto`) VALUES (165,20010,'Јунско јулски испитни рок','2021-07-02 09:00:00','сала 1101');
INSERT INTO `termin` (`id`,`predmet_id`,`ispitni_rok`,`vrijeme`,`mjesto`) VALUES (166,20010,'Септембарски испитни рок','2021-08-27 09:00:00','сала 1101');
INSERT INTO `termin` (`id`,`predmet_id`,`ispitni_rok`,`vrijeme`,`mjesto`) VALUES (167,20010,'Септембарски испитни рок','2021-09-10 09:00:00','сала 1101');
INSERT INTO `termin` (`id`,`predmet_id`,`ispitni_rok`,`vrijeme`,`mjesto`) VALUES (168,20010,'Октобарски испитни рок','2021-10-08 09:00:00','сала 1101');


INSERT INTO `prijava` (`id`,`student_id`,`termin_id`,`ocjena`,`ukupno_poena`,`pojavio_se`) VALUES (1,1,1,7,74,1);
INSERT INTO `prijava` (`id`,`student_id`,`termin_id`,`ocjena`,`ukupno_poena`,`pojavio_se`) VALUES (2,1,1,6,60,1);
INSERT INTO `prijava` (`id`,`student_id`,`termin_id`,`ocjena`,`ukupno_poena`,`pojavio_se`) VALUES (3,1,3,7,72,1);
INSERT INTO `prijava` (`id`,`student_id`,`termin_id`,`ocjena`,`ukupno_poena`,`pojavio_se`) VALUES (4,1,4,8,80,1);
INSERT INTO `prijava` (`id`,`student_id`,`termin_id`,`ocjena`,`ukupno_poena`,`pojavio_se`) VALUES (5,1,5,8,85,1);
INSERT INTO `prijava` (`id`,`student_id`,`termin_id`,`ocjena`,`ukupno_poena`,`pojavio_se`) VALUES (6,1,6,9,90,1);
INSERT INTO `prijava` (`id`,`student_id`,`termin_id`,`ocjena`,`ukupno_poena`,`pojavio_se`) VALUES (7,1,7,9,91,1);
INSERT INTO `prijava` (`id`,`student_id`,`termin_id`,`ocjena`,`ukupno_poena`,`pojavio_se`) VALUES (8,1,8,9,91,1);
INSERT INTO `prijava` (`id`,`student_id`,`termin_id`,`ocjena`,`ukupno_poena`,`pojavio_se`) VALUES (37,2,11,NULL,NULL,NULL);
INSERT INTO `prijava` (`id`,`student_id`,`termin_id`,`ocjena`,`ukupno_poena`,`pojavio_se`) VALUES (38,2,91,NULL,NULL,NULL);
INSERT INTO `prijava` (`id`,`student_id`,`termin_id`,`ocjena`,`ukupno_poena`,`pojavio_se`) VALUES (39,2,92,NULL,NULL,NULL);

